,Ticker,Security,SEC filings,GICS Sector,GICS Sub-Industry,Headquarters Location,Date first added,CIK,Founded,Company,Employees
0,MMM,3M Company,reports,Industrials,Industrial Conglomerates,"St. Paul, Minnesota",1976-08-09,66740,1902,3M,95000
1,ABT,Abbott Laboratories,reports,Health Care,Health Care Equipment,"North Chicago, Illinois",1964-03-31,1800,1888,Abbott Laboratories,107000
2,ABBV,AbbVie Inc.,reports,Health Care,Pharmaceuticals,"North Chicago, Illinois",2012-12-31,1551152,2013 (1888),AbbVie,38500
3,ABMD,Abiomed,reports,Health Care,Health Care Equipment,"Danvers, Massachusetts",2018-05-31,815094,1981,Abiomed,1536
4,ACN,Accenture,reports,Information Technology,IT Consulting & Other Services,"Dublin, Ireland",2011-07-06,1467373,1989,Accenture,510500
5,ATVI,Activision Blizzard,reports,Communication Services,Interactive Home Entertainment,"Santa Monica, California",2015-08-31,718877,2008,Activision Blizzard,9200
6,ADBE,Adobe Inc.,reports,Information Technology,Application Software,"San Jose, California",1997-05-05,796343,1982,Adobe,22516
7,AMD,Advanced Micro Devices,reports,Information Technology,Semiconductors,"Santa Clara, California",2017-03-20,2488,1969,Advanced Micro Devices,12600
8,AAP,Advance Auto Parts,reports,Consumer Discretionary,Automotive Retail,"Raleigh, North Carolina",2015-07-09,1158449,1932,Advance Auto Parts,67000
9,AES,AES Corp,reports,Utilities,Independent Power Producers & Energy Traders,"Arlington, Virginia",1998-10-02,874761,1981,AES,21000
10,AFL,Aflac,reports,Financials,Life & Health Insurance,"Columbus, Georgia",1999-05-28,4977,1955,Aflac,11729
11,A,Agilent Technologies,reports,Health Care,Health Care Equipment,"Santa Clara, California",2000-06-05,1090872,1999,Agilent Technologies,16342
12,APD,Air Products & Chemicals,reports,Materials,Industrial Gases,"Allentown, Pennsylvania",1985-04-30,2969,1940,Air Products & Chemicals,19275
13,AKAM,Akamai Technologies,reports,Information Technology,Internet Services & Infrastructure,"Cambridge, Massachusetts",2007-07-12,1086222,1998,Akamai Technologies,7724
14,ALK,Alaska Air Group,reports,Industrials,Airlines,"Seattle, Washington",2016-05-13,766421,1985,Alaska Air Group,20935
15,ALB,Albemarle Corporation,reports,Materials,Specialty Chemicals,"Charlotte, North Carolina",2016-07-01,915913,1994,Albemarle,6000
16,ARE,Alexandria Real Estate Equities,reports,Real Estate,Office REITs,"Pasadena, California",2017-03-20,1035443,1994,Alexandria Real Estate,470
17,ALXN,Alexion Pharmaceuticals,reports,Health Care,Pharmaceuticals,"Boston, Massachusetts",2012-05-25,899866,1992,Alexion Pharmaceuticals,3837
18,ALGN,Align Technology,reports,Health Care,Health Care Supplies,"San Jose, California",2017-06-19,1097149,1997,Align Tech,14530
19,ALLE,Allegion,reports,Industrials,Building Products,"Dublin, Ireland",2013-12-02,1579241,1908,Allegion,11000
20,LNT,Alliant Energy,reports,Utilities,Electric Utilities,"Madison, Wisconsin",2016-07-01,352541,1917,Alliant Energy,3597
21,ALL,Allstate Corp,reports,Financials,Property & Casualty Insurance,"Northfield Township, Illinois",1995-07-13,899051,1931,Allstate,46290
22,GOOGL,Alphabet Inc. (Class A),reports,Communication Services,Interactive Media & Services,"Mountain View, California",2014-04-03,1652044,1998,Alphabet,129492
23,GOOG,Alphabet Inc. (Class C),reports,Communication Services,Interactive Media & Services,"Mountain View, California",2006-04-03,1652044,1998,Alphabet,129492
24,MO,Altria Group Inc,reports,Consumer Staples,Tobacco,"Richmond, Virginia",1957-03-04,764180,1985,Altria Group,7300
25,AMZN,Amazon.com Inc.,reports,Consumer Discretionary,Internet & Direct Marketing Retail,"Seattle, Washington",2005-11-18,1018724,1994,Amazon.com,1298000
26,AMCR,Amcor plc,reports,Materials,Paper Packaging,"Warmley, Bristol, United Kingdom",2019-06-07,1748790,2019 (1860),Amcor,47000
27,AEE,Ameren Corp,reports,Utilities,Multi-Utilities,"St. Louis, Missouri",1991-09-19,1002910,1902,Ameren,9323
28,AAL,American Airlines Group,reports,Industrials,Airlines,"Fort Worth, Texas",2015-03-23,6201,1934,American Airlines Group,116025
29,AEP,American Electric Power,reports,Utilities,Electric Utilities,"Columbus, Ohio",1957-03-04,4904,1906,American Electric Power,17408
30,AXP,American Express,reports,Financials,Consumer Finance,"New York, New York",1976-06-30,4962,1850,American Express,63900
31,AIG,American International Group,reports,Financials,Property & Casualty Insurance,"New York, New York",1980-03-31,5272,1919,American Intl Gr,46000
32,AMT,American Tower Corp.,reports,Real Estate,Specialized REITs,"Boston, Massachusetts",2007-11-19,1053507,1995,American Tower,5454
33,AWK,American Water Works,reports,Utilities,Water Utilities,"Camden, New Jersey",2016-03-04,1410636,1886,American Water Works Co,6800
34,AMP,Ameriprise Financial,reports,Financials,Asset Management & Custody Banks,"Minneapolis, Minnesota",2005-10-03,820027,1894,Ameriprise Financial,12500
35,ABC,AmerisourceBergen,reports,Health Care,Health Care Distributors,"Chesterbrook, Pennsylvania",2001-08-30,1140859,1985,AmerisourceBergen,22000
36,AME,Ametek,reports,Industrials,Electrical Components & Equipment,"Berwyn, Pennsylvania",2013-09-23,1037868,1930,AMETEK,18100
37,AMGN,Amgen Inc.,reports,Health Care,Biotechnology,"Thousand Oaks, California",1992-01-02,318154,1980,Amgen,24300
38,APH,Amphenol Corp,reports,Information Technology,Electronic Components,"Wallingford, Connecticut",2008-09-30,820313,1932,Amphenol,80000
39,ADI,"Analog Devices, Inc.",reports,Information Technology,Semiconductors,"Norwood, Massachusetts",1999-10-12,6281,1965,Analog Devices,15900
40,ANSS,"ANSYS, Inc.",reports,Information Technology,Application Software,"Canonsburg, Pennsylvania",2017-06-19,1013462,1969,Ansys,4100
41,ANTM,Anthem,reports,Health Care,Managed Health Care,"Indianapolis, Indiana",2002-07-25,1156039,2014 (1946),Anthem,70600
42,AON,Aon plc,reports,Financials,Insurance Brokers,"London, United Kingdom",1996-04-23,315293,1982 (1919),Aon,50000
43,AOS,A.O. Smith Corp,reports,Industrials,Building Products,"Milwaukee, Wisconsin",2017-07-26,91142,1916,A.O. Smith,13900
44,APA,APA Corporation,reports,Energy,Oil & Gas Exploration & Production,"Houston, Texas",1997-07-28,6769,1954,Apache,3163
45,AAPL,Apple Inc.,reports,Information Technology,"Technology Hardware, Storage & Peripherals","Cupertino, California",1982-11-30,320193,1977,Apple,147000
46,AMAT,Applied Materials Inc.,reports,Information Technology,Semiconductor Equipment,"Santa Clara, California",1995-03-16,6951,1967,Applied Materials,24000
47,APTV,Aptiv PLC,reports,Consumer Discretionary,Auto Parts & Equipment,"Dublin, Ireland",2012-12-24,1521332,1994,Aptiv,151000
48,ADM,Archer-Daniels-Midland Co,reports,Consumer Staples,Agricultural Products,"Chicago, Illinois",1981-07-29,7084,1902,Archer-Daniels Midland,38100
49,ANET,Arista Networks,reports,Information Technology,Communications Equipment,"Santa Clara, California",2018-08-28,1596532,2004,Arista Networks,2300
50,AJG,Arthur J. Gallagher & Co.,reports,Financials,Insurance Brokers,"Rolling Meadows, Illinois",2016-05-31,354190,1927,Arthur J. Gallagher,32401
51,AIZ,Assurant,reports,Financials,Multi-line Insurance,"New York, New York",2007-04-10,1267238,1892,Assurant,14200
52,T,AT&T Inc.,reports,Communication Services,Integrated Telecommunication Services,"Dallas, Texas",1983-11-30 (1957-03-04),732717,1983 (1885),AT&T,242000
53,ATO,Atmos Energy,reports,Utilities,Gas Utilities,"Dallas, Texas",2019-02-15,731802,1906,Atmos Energy,4694
54,ADSK,Autodesk Inc.,reports,Information Technology,Application Software,"San Rafael, California",1989-12-01,769397,1982,Autodesk,10100
55,ADP,Automatic Data Processing,reports,Information Technology,Data Processing & Outsourced Services,"Roseland, New Jersey",1981-03-31,8670,1949,Automatic Data Processing,58000
56,AZO,AutoZone Inc,reports,Consumer Discretionary,Specialty Stores,"Memphis, Tennessee",1997-01-02,866787,1979,AutoZone,100000
57,AVB,AvalonBay Communities,reports,Real Estate,Residential REITs,"Arlington, Virginia[3]",2007-01-10,915912,1978,AvalonBay Communities,3122
58,AVY,Avery Dennison Corp,reports,Materials,Paper Packaging,"Glendale, California",1987-12-31,8818,1990,Avery Dennison,30000
59,BKR,Baker Hughes Co,reports,Energy,Oil & Gas Equipment & Services,"Houston, Texas",2017-07-07,1701605,2017,Baker Hughes,63250
60,BLL,Ball Corp,reports,Materials,Metal & Glass Containers,"Broomfield, Colorado",1984-10-31,9389,1880,Ball,18300
61,BAC,Bank of America Corp,reports,Financials,Diversified Banks,"Charlotte, North Carolina",1976-06-30,70858,1998 (1923 / 1874),Bank of America,210250
62,BK,The Bank of New York Mellon,reports,Financials,Asset Management & Custody Banks,"New York, New York",1995-03-31,1390777,1784,Bank of New York Mellon,48300
63,BAX,Baxter International Inc.,reports,Health Care,Health Care Equipment,"Deerfield, Illinois",1972-09-30,10456,1931,Baxter International,50000
64,BDX,Becton Dickinson,reports,Health Care,Health Care Equipment,"Franklin Lakes, New Jersey",1972-09-30,10795,1897,"Becton, Dickinson",72000
65,BRK.B,Berkshire Hathaway,reports,Financials,Multi-Sector Holdings,"Omaha, Nebraska",2010-02-16,1067983,1839,Berkshire Hathaway,391500
66,BBY,Best Buy Co. Inc.,reports,Consumer Discretionary,Computer & Electronics Retail,"Richfield, Minnesota",1999-06-29,764478,1966,Best Buy Co,125000
67,BIO,Bio-Rad Laboratories,reports,Health Care,Life Sciences Tools & Services,"Hercules, California",2020-06-22,12208,1952,Bio-Rad Laboratories,8120
68,BIIB,Biogen Inc.,reports,Health Care,Biotechnology,"Cambridge, Massachusetts",2003-11-13,875045,1978,Biogen,9100
69,BLK,BlackRock,reports,Financials,Asset Management & Custody Banks,"New York, New York",2011-04-04,1364742,1988,BlackRock,16350
70,BA,Boeing Company,reports,Industrials,Aerospace & Defense,"Chicago, Illinois",1957-03-04,12927,1916,Boeing,141000
71,BKNG,Booking Holdings Inc,reports,Consumer Discretionary,Internet & Direct Marketing Retail,"Norwalk, Connecticut",2009-11-06,1075531,1996,Booking Holdings,25400
72,BWA,BorgWarner,reports,Consumer Discretionary,Auto Parts & Equipment,"Auburn Hills, Michigan",2011-12-19,908255,1880,BorgWarner,29000
73,BXP,Boston Properties,reports,Real Estate,Office REITs,"Boston, Massachusetts",2006-04-03,1037540,1970,Boston Properties,760
74,BSX,Boston Scientific,reports,Health Care,Health Care Equipment,"Marlborough, Massachusetts[4]",1995-02-24,885725,1979,Boston Scientific,36000
75,BMY,Bristol-Myers Squibb,reports,Health Care,Health Care Distributors,"New York, New York",1957-03-04,14272,1989,Bristol-Myers Squibb,30250
76,AVGO,Broadcom Inc.,reports,Information Technology,Semiconductors,"San Jose, California",2014-05-08,1730168,1961,Broadcom,21000
77,BR,Broadridge Financial Solutions,reports,Information Technology,Data Processing & Outsourced Services,"Lake Success, New York",2018-06-18,1383312,1962,Broadridge Financial Soln,12000
78,BF.B,Brown-Forman Corp.,reports,Consumer Staples,Distillers & Vintners,"Louisville, Kentucky",1982-10-31,14693,1870,Brown-Forman,4800
79,CHRW,C. H. Robinson Worldwide,reports,Industrials,Air Freight & Logistics,"Eden Prairie, Minnesota",2007-03-02,1043277,1905,C.H. Robinson Worldwide,15337
80,COG,Cabot Oil & Gas,reports,Energy,Oil & Gas Exploration & Production,"Houston, Texas",2008-06-23,858470,1989,Cabot Oil & Gas,547
81,CDNS,Cadence Design Systems,reports,Information Technology,Application Software,"San Jose, California",2017-09-18,813672,1988,Cadence Design Systems,8100
82,CPB,Campbell Soup,reports,Consumer Staples,Packaged Foods & Meats,"Camden, New Jersey",1957-03-04,16732,1869,Campbell Soup,14500
83,COF,Capital One Financial,reports,Financials,Consumer Finance,"Tysons Corner, Virginia",1998-07-01,927628,1935,Capital One Financial,52400
84,CAH,Cardinal Health Inc.,reports,Health Care,Health Care Distributors,"Dublin, Ohio",1997-05-27,721371,1971,Cardinal Health,48000
85,KMX,Carmax Inc,reports,Consumer Discretionary,Specialty Stores,"Richmond, Virginia",2010-06-28,1170010,1993,CarMax,27050
86,CCL,Carnival Corp.,reports,Consumer Discretionary,"Hotels, Resorts & Cruise Lines","Miami, Florida",1998-12-22,815097,1972,Carnival,70000
87,CARR,Carrier Global,reports,Industrials,Building Products,"Palm Beach Gardens, Florida",2020-04-03,1783180,2020 (1915),Carrier Global,55331
88,CTLT,Catalent,reports,Health Care,Pharmaceuticals,"Somerset, New Jersey",2020-09-21,1596783,2007,Catalent,13900
89,CAT,Caterpillar Inc.,reports,Industrials,Construction Machinery & Heavy Trucks,"Deerfield, Illinois",1957-03-04,18230,1925,Caterpillar,102300
90,CBOE,Cboe Global Markets,reports,Financials,Financial Exchanges & Data,"Chicago, Illinois",2017-03-01,1374310,1973,,-1
91,CBRE,CBRE Group,reports,Real Estate,Real Estate Services,"Dallas, Texas",2006-11-10,1138118,1906,CBRE Group,100000
92,CDW,CDW,reports,Information Technology,Technology Distributors,"Lincolnshire, Illinois",2019-09-23,1402057,1984,CDW,9900
93,CE,Celanese,reports,Materials,Specialty Chemicals,"Irving, Texas",2018-12-24,1306830,1918,Celanese,7658
94,CNC,Centene Corporation,reports,Health Care,Managed Health Care,"St. Louis, Missouri",2016-03-30,1071739,1984,Centene,56600
95,CNP,CenterPoint Energy,reports,Utilities,Multi-Utilities,"Houston, Texas",1985-07-31,1130310,1882,CenterPoint Energy,14262
96,CERN,Cerner,reports,Health Care,Health Care Technology,"North Kansas City, Missouri",2010-04-30,804753,1979,Cerner,27400
97,CF,CF Industries Holdings Inc,reports,Materials,Fertilizers & Agricultural Chemicals,"Deerfield, Illinois",2008-08-27,1324404,1946,CF Industries Holdings,3000
98,SCHW,Charles Schwab Corporation,reports,Financials,Investment Banking & Brokerage,"Westlake, Texas",1997-06-02,316709,1971,Charles Schwab,20950
99,CHTR,Charter Communications,reports,Communication Services,Cable & Satellite,"Stamford, Connecticut",2016-09-08,1091667,1993,Charter Communications,96100
100,CVX,Chevron Corp.,reports,Energy,Integrated Oil & Gas,"San Ramon, California",1957-03-04,93410,1879,Chevron,48200
101,CMG,Chipotle Mexican Grill,reports,Consumer Discretionary,Restaurants,"Newport Beach, California",2011-04-28,1058090,1993,Chipotle Mexican Grill,88000
102,CB,Chubb Limited,reports,Financials,Property & Casualty Insurance,"Zurich, Switzerland",2010-07-15,896159,1985,Chubb,33000
103,CHD,Church & Dwight,reports,Consumer Staples,Household Products,"Ewing, New Jersey",2015-12-29,313927,1847,Church & Dwight Co,4800
104,CI,Cigna,reports,Health Care,Managed Health Care,"Bloomfield, Connecticut",1976-06-30,1739940,1982,Cigna,73700
105,CINF,Cincinnati Financial,reports,Financials,Property & Casualty Insurance,"Fairfield, Ohio",1997-12-18,20286,1950,Cincinnati Financial,5148
106,CTAS,Cintas Corporation,reports,Industrials,Diversified Support Services,"Mason, Ohio",2001-03-01,723254,1929,Cintas,40000
107,CSCO,Cisco Systems,reports,Information Technology,Communications Equipment,"San Jose, California",1993-12-01,858877,1984,Cisco Systems,77500
108,C,Citigroup Inc.,reports,Financials,Diversified Banks,"New York, New York",1988-05-31,831001,1998,Citigroup,200000
109,CFG,Citizens Financial Group,reports,Financials,Regional Banks,"Providence, Rhode Island",2016-01-29,759944,1828,Citizens Financial Group,18000
110,CTXS,Citrix Systems,reports,Information Technology,Application Software,"Fort Lauderdale, Florida",1999-12-01,877890,1989,Citrix Systems,9000
111,CLX,The Clorox Company,reports,Consumer Staples,Household Products,"Oakland, California",1969-03-31,21076,1913,Clorox,8800
112,CME,CME Group Inc.,reports,Financials,Financial Exchanges & Data,"Chicago, Illinois",2006-08-11,1156375,1848,CME Group,4360
113,CMS,CMS Energy,reports,Utilities,Multi-Utilities,"Jackson, Michigan",1999-05-03,811156,1886,CMS Energy,8837
114,KO,Coca-Cola Company,reports,Consumer Staples,Soft Drinks,"Atlanta, Georgia",1957-03-04,21344,1886,Coca-Cola,86200
115,CTSH,Cognizant Technology Solutions,reports,Information Technology,IT Consulting & Other Services,"Teaneck, New Jersey",2006-11-17,1058290,1994,Cognizant Tech Solns,286375
116,CL,Colgate-Palmolive,reports,Consumer Staples,Household Products,"New York, New York",1957-03-04,21665,1806,Colgate-Palmolive,34300
117,CMCSA,Comcast Corp.,reports,Communication Services,Cable & Satellite,"Philadelphia, Pennsylvania",2002-11-19,1166691,1963,Comcast,168000
118,CMA,Comerica Inc.,reports,Financials,Diversified Banks,"Dallas, Texas",1995-12-01,28412,1849,Comerica,7870
119,CAG,Conagra Brands,reports,Consumer Staples,Packaged Foods & Meats,"Chicago, Illinois",1983-08-31,23217,1919,Conagra Brands,16500
120,COP,ConocoPhillips,reports,Energy,Oil & Gas Exploration & Production,"Houston, Texas",1957-03-04,1163165,2002,ConocoPhillips,10075
121,ED,Consolidated Edison,reports,Utilities,Electric Utilities,"New York, New York",,1047862,1823,Consolidated Edison,14890
122,STZ,Constellation Brands,reports,Consumer Staples,Distillers & Vintners,"Victor, New York",2005-07-01,16918,1945,Constellation Brands,9000
123,COO,The Cooper Companies,reports,Health Care,Health Care Supplies,"San Ramon, California",2016-09-23,711404,1958,Cooper Companies,12000
124,CPRT,Copart Inc,reports,Industrials,Diversified Support Services,"Dallas, Texas",2018-07-02,900075,1982,Copart,7600
125,GLW,Corning Inc.,reports,Information Technology,Electronic Components,"Corning, New York",,24741,1851,Corning,50110
126,CTVA,Corteva,reports,Materials,Fertilizers & Agricultural Chemicals,"Wilmington, Delaware",2019-06-03,1755672,2019,Corteva,21000
127,COST,Costco Wholesale Corp.,reports,Consumer Staples,Hypermarkets & Super Centers,"Issaquah, Washington",1993-10-01,909832,1976,Costco Wholesale,273000
128,CCI,Crown Castle,reports,Real Estate,Specialized REITs,"Houston, Texas",2012-03-14,1051470,1994,Crown Castle Intl,5100
129,CSX,CSX Corp.,reports,Industrials,Railroads,"Jacksonville, Florida",1967-09-30,277948,1980,CSX,19300
130,CMI,Cummins Inc.,reports,Industrials,Industrial Machinery,"Columbus, Indiana",1965-03-31,26172,1919,Cummins,59720
131,CVS,CVS Health,reports,Health Care,Health Care Services,"Woonsocket, Rhode Island",1957-03-04,64803,1996,CVS Health,290000
132,DHI,D. R. Horton,reports,Consumer Discretionary,Homebuilding,"Arlington, Texas",2005-06-22,882184,1978,D.R. Horton,9716
133,DHR,Danaher Corp.,reports,Health Care,Health Care Equipment,"Washington, D.C.",,313616,1969,Danaher,60000
134,DRI,Darden Restaurants,reports,Consumer Discretionary,Restaurants,"Orlando, Florida",,940944,1938,Darden Restaurants,177000
135,DVA,DaVita Inc.,reports,Health Care,Health Care Facilities,"Denver, Colorado",2008-07-31,927066,1979,DaVita,67000
136,DE,Deere & Co.,reports,Industrials,Agricultural & Farm Machinery,"Moline, Illinois",1957-03-04,315189,1837,Deere,69600
137,DAL,Delta Air Lines Inc.,reports,Industrials,Airlines,"Atlanta, Georgia",2013-09-11,27904,1929,Delta Air Lines,74000
138,XRAY,Dentsply Sirona,reports,Health Care,Health Care Supplies,"Charlotte, North Carolina",2008-11-14,818479,2016 (1969),Dentsply Sirona,15200
139,DVN,Devon Energy,reports,Energy,Oil & Gas Exploration & Production,"Oklahoma City, Oklahoma",2000-08-30,1090012,1971,Devon Energy,1800
140,DXCM,DexCom,reports,Health Care,Health Care Equipment,"San Diego, California",2020-05-12,1093557,1999,DexCom,6400
141,FANG,Diamondback Energy,reports,Energy,Oil & Gas Exploration & Production,"Midland, Texas",2018-12-03,1539838,2007,Diamondback Energy,712
142,DLR,Digital Realty Trust Inc,reports,Real Estate,Specialized REITs,"Austin, Texas",2016-05-18,1297996,2004,Digital Realty Trust,1550
143,DFS,Discover Financial Services,reports,Financials,Consumer Finance,"Riverwoods, Illinois",2007-07-02,1393612,1985,Discover Financial,17200
144,DISCA,"Discovery, Inc. (Series A)",reports,Communication Services,Broadcasting,"New York, New York",2010-03-01,1437107,1985,Discovery,9200
145,DISCK,"Discovery, Inc. (Series C)",reports,Communication Services,Broadcasting,"New York, New York",2014-08-07,1437107,1985,Discovery,9200
146,DISH,Dish Network,reports,Communication Services,Cable & Satellite,"Meridian, Colorado",2017-03-13,1001082,1980,DISH Network,16000
147,DG,Dollar General,reports,Consumer Discretionary,General Merchandise Stores,"Goodlettsville, Tennessee",2012-12-03,29534,1939,Dollar General,143000
148,DLTR,Dollar Tree,reports,Consumer Discretionary,General Merchandise Stores,"Chesapeake, Virginia",2011-12-19,935703,1986,Dollar Tree,193100
149,D,Dominion Energy,reports,Utilities,Electric Utilities,"Richmond, Virginia",,715957,1983,Dominion Energy,19100
150,DPZ,Domino's Pizza,reports,Consumer Discretionary,Restaurants,"Ann Arbor, Michigan",2020-05-12,1286681,1960,Domino’s Pizza,13100
151,DOV,Dover Corporation,reports,Industrials,Industrial Machinery,"Downers Grove, Illinois",1985-10-31,29905,1955,Dover,23000
152,DOW,Dow Inc.,reports,Materials,Commodity Chemicals,"Midland, Michigan",2019-04-01,1751788,2019,Dow,35700
153,DTE,DTE Energy Co.,reports,Utilities,Multi-Utilities,"Detroit, Michigan",1957-03-04,936340,1995,DTE Energy,15600
154,DUK,Duke Energy,reports,Utilities,Electric Utilities,"Charlotte, North Carolina",1976-06-30,1326160,1904,Duke Energy,28793
155,DRE,Duke Realty Corp,reports,Real Estate,Industrial REITs,"Indianapolis, Indiana",2017-07-26,783280,1972,Duke Realty,400
156,DD,DuPont de Nemours Inc,reports,Materials,Specialty Chemicals,"Wilmington, Delaware",2019-04-02,1666700,2017,DuPont de Nemours,34250
157,DXC,DXC Technology,reports,Information Technology,IT Consulting & Other Services,"Tysons Corner, Virginia",2017-04-04,1688568,2017,DXC Technology,138000
158,EMN,Eastman Chemical,reports,Materials,Diversified Chemicals,"Kingsport, Tennessee",1994-01-01,915389,1920,Eastman Chemical,14500
159,ETN,Eaton Corporation,reports,Industrials,Electrical Components & Equipment,"Dublin, Ireland",,1551182,1911,Eaton Corp,95250
160,EBAY,eBay Inc.,reports,Consumer Discretionary,Internet & Direct Marketing Retail,"San Jose, California",2002-07-22,1065088,1995,eBay,12700
161,ECL,Ecolab Inc.,reports,Materials,Specialty Chemicals,"St. Paul, Minnesota",1989-01-31,31462,1923,Ecolab,50200
162,EIX,Edison Int'l,reports,Utilities,Electric Utilities,"Rosemead, California",1957-03-04,827052,1886,Edison Intl,12937
163,EW,Edwards Lifesciences,reports,Health Care,Health Care Equipment,"Irvine, California",2011-04-01,1099800,1958,Edwards Lifesciences,14650
164,EA,Electronic Arts,reports,Communication Services,Interactive Home Entertainment,"Redwood City, California",2002-07-22,712515,1982,Electronic Arts,9800
165,EMR,Emerson Electric Company,reports,Industrials,Electrical Components & Equipment,"Ferguson, Missouri",1965-03-31,32604,1890,Emerson Electric,83500
166,ENPH,Enphase Energy,reports,Information Technology,Semiconductor Equipment,"Fremont, California",2021-01-07,1463101,2006,Enphase Energy,577
167,ETR,Entergy Corp.,reports,Utilities,Electric Utilities,"New Orleans, Louisiana",1957-03-04,65984,1913,Entergy,13635
168,EOG,EOG Resources,reports,Energy,Oil & Gas Exploration & Production,"Houston, Texas",2000-11-02,821189,1999,EOG Resources,2900
169,EFX,Equifax Inc.,reports,Industrials,Research & Consulting Services,"Atlanta, Georgia",1997-06-19,33185,1899,Equifax,11200
170,EQIX,Equinix,reports,Real Estate,Specialized REITs,"Redwood City, California",2015-03-20,1101239,1998,Equinix,8378
171,EQR,Equity Residential,reports,Real Estate,Residential REITs,"Chicago, Illinois",2001-12-03,906107,1969,Equity Residential,2700
172,ESS,"Essex Property Trust, Inc.",reports,Real Estate,Residential REITs,"San Mateo, California",2014-04-02,920522,1971,Essex Property Trust,1822
173,EL,Estée Lauder Companies,reports,Consumer Staples,Personal Products,"New York, New York",2006-01-05,1001250,1946,Estee Lauder Cos,48000
174,ETSY,Etsy,reports,Consumer Discretionary,Internet & Direct Marketing Retail,"Brooklyn, New York",2020-09-21,1370637,2005,Etsy,1295
175,EVRG,Evergy,reports,Utilities,Electric Utilities,"Kansas City, Missouri",2018-06-05,1711269,1909,Evergy,4617
176,ES,Eversource Energy,reports,Utilities,Multi-Utilities,"Hartford, Connecticut",,72741,1966,Eversource Energy,8234
177,RE,Everest Re Group Ltd.,reports,Financials,Reinsurance,"Hamilton, Bermuda",2017-06-19,1095073,1973,Everest Re Group,1603
178,EXC,Exelon Corp.,reports,Utilities,Multi-Utilities,"Chicago, Illinois",1957-03-04,1109357,2000,Exelon,32713
179,EXPE,Expedia Group,reports,Consumer Discretionary,Internet & Direct Marketing Retail,"Seattle, Washington",2007-10-02,1324424,1996,Expedia Group,19100
180,EXPD,Expeditors,reports,Industrials,Air Freight & Logistics,"Seattle, Washington",2007-10-10,746515,1979,Expeditors International,18000
181,EXR,Extra Space Storage,reports,Real Estate,Specialized REITs,"Salt Lake City, Utah",2016-01-19,1289490,1977,Extra Space Storage,4048
182,XOM,Exxon Mobil Corp.,reports,Energy,Integrated Oil & Gas,"Irving, Texas",1957-03-04,34088,1999,Exxon Mobil,74900
183,FFIV,F5 Networks,reports,Information Technology,Communications Equipment,"Seattle, Washington",2010-12-20,1048695,1996,F5 Networks,5983
184,FB,"Facebook, Inc.",reports,Communication Services,Interactive Media & Services,"Menlo Park, California",2013-12-23,1326801,2004,Facebook,54014
185,FAST,Fastenal Co,reports,Industrials,Building Products,"Winona, Minnesota",2008-09-15,815556,1967,Fastenal,20874
186,FRT,Federal Realty Investment Trust,reports,Real Estate,Retail REITs,"Rockville, Maryland",2016-02-01,34903,1962,Federal Realty Investment,311
187,FDX,FedEx Corporation,reports,Industrials,Air Freight & Logistics,"Memphis, Tennessee",1980-12-31,1048911,1971,FedEx,506000
188,FIS,Fidelity National Information Services,reports,Information Technology,Data Processing & Outsourced Services,"Jacksonville, Florida",2006-11-10,1136893,1968,Fidelity National Info,55000
189,FITB,Fifth Third Bancorp,reports,Financials,Regional Banks,"Cincinnati, Ohio",,35527,1858,Fifth Third Bancorp,20168
190,FE,FirstEnergy Corp,reports,Utilities,Electric Utilities,"Akron, Ohio",,1031296,1997,FirstEnergy,12316
191,FRC,First Republic Bank,reports,Financials,Regional Banks,"San Francisco, California",2019-01-02,1132979,1985,First Republic Bank,5049
192,FISV,Fiserv Inc,reports,Information Technology,Data Processing & Outsourced Services,"Brookfield, Wisconsin",2001-04-02,798354,1984,Fiserv,44000
193,FLT,FleetCor Technologies Inc,reports,Information Technology,Data Processing & Outsourced Services,"Norcross, Georgia",2018-06-20,1175454,2000,Fleetcor Technologies,8175
194,FLIR,FLIR Systems,reports,Information Technology,Electronic Equipment & Instruments,"Wilsonville, Oregon",2009-01-02,354908,1978,FLIR Systems,4265
195,FLS,Flowserve Corporation,reports,Industrials,Industrial Machinery,"Irving, Texas",2008-10-02,30625,1997,Flowserve,16250
196,FMC,FMC Corporation,reports,Materials,Fertilizers & Agricultural Chemicals,"Philadelphia, Pennsylvania",2009-08-19,37785,1883,FMC,6400
197,F,Ford Motor Company,reports,Consumer Discretionary,Automobile Manufacturers,"Dearborn, Michigan",1957-03-04,37996,1903,Ford Motor,186000
198,FTNT,Fortinet,reports,Information Technology,Systems Software,"Sunnyvale, California",2018-10-11,1262039,2000,Fortinet,7553
199,FTV,Fortive Corp,reports,Industrials,Industrial Machinery,"Everett, Washington",2016-07-01,1659166,2016,Fortive,25000
200,FBHS,Fortune Brands Home & Security,reports,Industrials,Building Products,"Deerfield, Illinois",2016-06-22,1519751,2011 (1969),Fortune Brands Home,24700
201,FOXA,Fox Corporation (Class A),reports,Communication Services,Movies & Entertainment,"New York, New York",2013-07-01,1754301,2019,Fox,9000
202,FOX,Fox Corporation (Class B),reports,Communication Services,Movies & Entertainment,"New York, New York",2015-09-18,1754301,2019,Fox,9000
203,BEN,Franklin Resources,reports,Financials,Asset Management & Custody Banks,"San Mateo, California",,38777,1947,Franklin Resources,10575
204,FCX,Freeport-McMoRan Inc.,reports,Materials,Copper,"Phoenix, Arizona",,831259,1912,Freeport-McMoRan,27500
205,GPS,Gap Inc.,reports,Consumer Discretionary,Apparel Retail,"San Francisco, California",1986-08-31,39911,1969,Gap,129000
206,GRMN,Garmin Ltd.,reports,Consumer Discretionary,Consumer Electronics,"Schaffhausen, Switzerland",2012-12-12,1121788,1989,Garmin,15000
207,IT,Gartner Inc,reports,Information Technology,IT Consulting & Other Services,"Stamford, Connecticut",2017-04-05,749251,1979,Gartner,16724
208,GD,General Dynamics,reports,Industrials,Aerospace & Defense,"Falls Church, Virginia",1957-03-04,40533,1899,General Dynamics,100700
209,GE,General Electric,reports,Industrials,Industrial Conglomerates,"Boston, Massachusetts",,40545,1892,General Electric,174000
210,GIS,General Mills,reports,Consumer Staples,Packaged Foods & Meats,"Golden Valley, Minnesota",1969-03-31,40704,1856,General Mills,35000
211,GM,General Motors,reports,Consumer Discretionary,Automobile Manufacturers,"Detroit, Michigan",2013-06-06,1467858,1908,General Motors,155000
212,GPC,Genuine Parts,reports,Consumer Discretionary,Specialty Stores,"Atlanta, Georgia",1973-12-31,40987,1925,Genuine Parts,55000
213,GILD,Gilead Sciences,reports,Health Care,Biotechnology,"Foster City, California",2004-07-01,882095,1987,Gilead Sciences,11800
214,GL,Globe Life Inc.,reports,Financials,Life & Health Insurance,"McKinney, Texas",1989-04-30,320335,1900,Globe Life,3196
215,GPN,Global Payments Inc.,reports,Information Technology,Data Processing & Outsourced Services,"Atlanta, Georgia",2016-04-25,1123360,2000,Global Payments,24000
216,GS,Goldman Sachs Group,reports,Financials,Investment Banking & Brokerage,"New York, New York",2002-07-22,886982,1869,Goldman Sachs Group,38300
217,GWW,Grainger (W.W.) Inc.,reports,Industrials,Industrial Machinery,"Lake Forest, Illinois",1981-06-30,277135,1927,W.W. Grainger,25300
218,HAL,Halliburton Co.,reports,Energy,Oil & Gas Equipment & Services,"Houston, Texas",1957-03-04,45012,1919,Halliburton,42500
219,HBI,Hanesbrands Inc,reports,Consumer Discretionary,"Apparel, Accessories & Luxury Goods","Winston-Salem, North Carolina",2015-03-20,1359841,2000,Hanesbrands,61000
220,HIG,Hartford Financial Svc.Gp.,reports,Financials,Property & Casualty Insurance,"Hartford, Connecticut",1957-03-04,874766,1810,Hartford Finl Servs Gr,19500
221,HAS,Hasbro Inc.,reports,Consumer Discretionary,Leisure Products,"Pawtucket, Rhode Island",1984-09-30,46080,1923,Hasbro,5600
222,HCA,HCA Healthcare,reports,Health Care,Health Care Facilities,"Nashville, Tennessee",2015-01-27,860730,1968,HCA Healthcare,280000
223,PEAK,Healthpeak Properties,reports,Real Estate,Health Care REITs,"Long Beach, California",2008-03-31,765880,1985,Healthpeak Properties,217
224,HSIC,Henry Schein,reports,Health Care,Health Care Distributors,"Melville, New York",2015-03-17,1000228,1932,Henry Schein,19000
225,HSY,The Hershey Company,reports,Consumer Staples,Packaged Foods & Meats,"Hershey, Pennsylvania",1957-03-04,47111,1894,Hershey,16140
226,HES,Hess Corporation,reports,Energy,Integrated Oil & Gas,"New York, New York",1984-05-31,4447,1919,Hess,1775
227,HPE,Hewlett Packard Enterprise,reports,Information Technology,"Technology Hardware, Storage & Peripherals","Houston, Texas",2015-11-02,1645590,2015,Hewlett Packard,59400
228,HLT,Hilton Worldwide Holdings Inc,reports,Consumer Discretionary,"Hotels, Resorts & Cruise Lines","Tysons Corner, Virginia",2017-06-19,1585689,1919,Hilton Worldwide Holdings,173000
229,HFC,HollyFrontier Corp,reports,Energy,Oil & Gas Refining & Marketing,"Dallas, Texas",2018-06-18,48039,1947,HollyFrontier,4074
230,HOLX,Hologic,reports,Health Care,Health Care Equipment,"Marlborough, Massachusetts",2016-03-30,859737,1985,Hologic,5814
231,HD,Home Depot,reports,Consumer Discretionary,Home Improvement Retail,"Atlanta, Georgia",1988-03-31,354950,1978,Home Depot,415700
232,HON,Honeywell Int'l Inc.,reports,Industrials,Industrial Conglomerates,"Morristown, New Jersey",1964-03-31,773840,1906,Honeywell International,105500
233,HRL,Hormel Foods Corp.,reports,Consumer Staples,Packaged Foods & Meats,"Austin, Minnesota",2009-03-04,48465,1891,Hormel Foods,18900
234,HST,Host Hotels & Resorts,reports,Real Estate,Hotel & Resort REITs,"Bethesda, Maryland",2007-03-20,1070750,1993,Host Hotels & Resorts,175
235,HWM,Howmet Aerospace,reports,Industrials,Aerospace & Defense,"Pittsburgh, Pennsylvania",1964-03-31,4281,2016,Howmet Aerospace,41700
236,HPQ,HP Inc.,reports,Information Technology,"Technology Hardware, Storage & Peripherals","Palo Alto, California",1974-12-31,47217,1939 (2015),HP,53000
237,HUM,Humana Inc.,reports,Health Care,Managed Health Care,"Louisville, Kentucky",,49071,1961,Humana,46000
238,HBAN,Huntington Bancshares,reports,Financials,Regional Banks,"Columbus, Ohio",,49196,1866,Huntington Bancshares,15608
239,HII,Huntington Ingalls Industries,reports,Industrials,Aerospace & Defense,"Newport News, Virginia",2018-01-03,1501585,2011,Huntington Ingalls Indus,42000
240,IEX,IDEX Corporation,reports,Industrials,Industrial Machinery,"Lake Forest, Illinois",2019-08-09,832101,1988,IDEX,7439
241,IDXX,Idexx Laboratories,reports,Health Care,Health Care Equipment,"Westbrook, Maine",2017-01-05,874716,1983,IDEXX Laboratories,9300
242,INFO,IHS Markit,reports,Industrials,Research & Consulting Services,"London, United Kingdom",2017-06-02,1598014,1959,IHS Markit,16000
243,ITW,Illinois Tool Works,reports,Industrials,Industrial Machinery,"Glenview, Illinois",1986-02-28,49826,1912,Illinois Tool Works,44000
244,ILMN,Illumina Inc,reports,Health Care,Life Sciences Tools & Services,"San Diego, California",2015-11-19,1110803,1998,Illumina,7700
245,INCY,Incyte,reports,Health Care,Biotechnology,"Wilmington, Delaware",2017-02-28,879169,1991,Incyte,1773
246,IR,Ingersoll Rand,reports,Industrials,Industrial Machinery,"Milwaukee, Wisconsin",2020-03-03,1699150,1859,Ingersoll Rand,6600
247,INTC,Intel Corp.,reports,Information Technology,Semiconductors,"Santa Clara, California",1976-12-31,50863,1968,Intel,110600
248,ICE,Intercontinental Exchange,reports,Financials,Financial Exchanges & Data,"Atlanta, Georgia",2007-09-26,1571949,2000,Intercontinental Exchange,7512
249,IBM,International Business Machines,reports,Information Technology,IT Consulting & Other Services,"Armonk, New York",1957-03-04,51143,1911,IBM,381100
250,IP,International Paper,reports,Materials,Paper Packaging,"Memphis, Tennessee",1957-03-04,51434,1898,International Paper,51000
251,IPG,Interpublic Group,reports,Communication Services,Advertising,"New York, New York",1992-10-01,51644,1961 (1930),Interpublic Gr of Cos,54300
252,IFF,International Flavors & Fragrances,reports,Materials,Specialty Chemicals,"New York, New York",1976-03-31,51253,1958 (1889),Intl Flavors & Fragrances,13600
253,INTU,Intuit Inc.,reports,Information Technology,Application Software,"Mountain View, California",2000-12-05,896878,1983,Intuit,10600
254,ISRG,Intuitive Surgical Inc.,reports,Health Care,Health Care Equipment,"Sunnyvale, California",2008-06-02,1035267,1995,Intuitive Surgical,8081
255,IVZ,Invesco Ltd.,reports,Financials,Asset Management & Custody Banks,"Atlanta, Georgia",2008-08-21,914208,1935,Invesco,8761
256,IPGP,IPG Photonics Corp.,reports,Information Technology,Electronic Manufacturing Services,"Oxford, Massachusetts",2018-03-07,1111928,1990,IPG Photonics,5960
257,IQV,IQVIA Holdings Inc.,reports,Health Care,Life Sciences Tools & Services,"Durham, North Carolina",2017-08-29,1478242,1982,IQVIA Holdings,68000
258,IRM,Iron Mountain Incorporated,reports,Real Estate,Specialized REITs,"Boston, Massachusetts",2009-01-06,1020569,1951,Iron Mountain,25000
259,JKHY,Jack Henry & Associates,reports,Information Technology,Data Processing & Outsourced Services,"Monett, Missouri",2018-11-13,779152,1976,Jack Henry & Associates,6717
260,J,Jacobs Engineering Group,reports,Industrials,Construction & Engineering,"Dallas, Texas",2007-10-26,52988,1947,Jacobs Engineering Group,55000
261,JBHT,J. B. Hunt Transport Services,reports,Industrials,Trucking,"Lowell, Arkansas",2015-07-01,728535,1961,JB Hunt Transport Servs,29056
262,SJM,JM Smucker,reports,Consumer Staples,Packaged Foods & Meats,"Orrville, Ohio",2008-11-06,91419,1897,JM Smucker,7300
263,JNJ,Johnson & Johnson,reports,Health Care,Pharmaceuticals,"New Brunswick, New Jersey",1973-06-30,200406,1886,Johnson & Johnson,132200
264,JCI,Johnson Controls International,reports,Industrials,Building Products,"Cork, Ireland",2010-08-27,833444,1885,Johnson Controls Intl,83000
265,JPM,JPMorgan Chase & Co.,reports,Financials,Diversified Banks,"New York, New York",1975-06-30,19617,2000 (1799 / 1871),JPMorgan Chase,256692
266,JNPR,Juniper Networks,reports,Information Technology,Communications Equipment,"Sunnyvale, California",2006-06-02,1043604,1996,Juniper Networks,9817
267,KSU,Kansas City Southern,reports,Industrials,Railroads,"Kansas City, Missouri",2013-05-24,54480,1887,Kansas City Southern,6522
268,K,Kellogg Co.,reports,Consumer Staples,Packaged Foods & Meats,"Battle Creek, Michigan",,55067,1906,Kellogg,31000
269,KEY,KeyCorp,reports,Financials,Regional Banks,"Cleveland, Ohio",1994-03-01,91576,1825,KeyCorp,16744
270,KEYS,Keysight Technologies,reports,Information Technology,Electronic Equipment & Instruments,"Santa Rosa, California",2018-11-06,1601046,2014,Keysight Technologies,13900
271,KMB,Kimberly-Clark,reports,Consumer Staples,Household Products,"Irving, Texas",1957-03-04,55785,1872,Kimberly-Clark,44500
272,KIM,Kimco Realty,reports,Real Estate,Retail REITs,"New Hyde Park, New York",2006-04-04,879101,1958,Kimco Realty,502
273,KMI,Kinder Morgan,reports,Energy,Oil & Gas Storage & Transportation,"Houston, Texas",2012-05-25,1506307,1997,Kinder Morgan,10524
274,KLAC,KLA Corporation,reports,Information Technology,Semiconductor Equipment,"Milpitas, California",,319201,1975/1977 (1997),KLA,10600
275,KHC,Kraft Heinz Co,reports,Consumer Staples,Packaged Foods & Meats,"Chicago, Illinois; Pittsburgh, Pennsylvania",2015-07-06,1637459,2015 (1869),Kraft Heinz,37000
276,KR,Kroger Co.,reports,Consumer Staples,Food Retail,"Cincinnati, Ohio",1957-03-04,56873,1883,Kroger,435000
277,LB,L Brands Inc.,reports,Consumer Discretionary,Apparel Retail,"Columbus, Ohio",1983-09-30,701985,1963,L Brands,94400
278,LHX,L3Harris Technologies,reports,Industrials,Aerospace & Defense,"Melbourne, Florida",2008-09-22,202058,2019 (1895),L3Harris Technologies,31000
279,LH,Laboratory Corp. of America Holding,reports,Health Care,Health Care Services,"Burlington, North Carolina",2004-11-01,920148,1978,Laboratory Corp,65000
280,LRCX,Lam Research,reports,Information Technology,Semiconductor Equipment,"Fremont, California",2012-06-29,707549,1980,Lam Research,11850
281,LW,Lamb Weston Holdings Inc,reports,Consumer Staples,Packaged Foods & Meats,"Eagle, Idaho",2018-12-03,1679273,2016 (1950),Lamb Weston Hldgs,7700
282,LVS,Las Vegas Sands,reports,Consumer Discretionary,Casinos & Gaming,"Las Vegas, Nevada",2019-10-03,1300514,1988,Las Vegas Sands,46000
283,LEG,Leggett & Platt,reports,Consumer Discretionary,Home Furnishings,"Carthage, Missouri",,58492,1883,Leggett & Platt,22000
284,LDOS,Leidos Holdings,reports,Information Technology,IT Consulting & Other Services,"Reston, Virginia",2019-08-09,1336920,1969,Leidos Holdings,34000
285,LEN,Lennar Corp.,reports,Consumer Discretionary,Homebuilding,"Miami, Florida",2005-10-04,920760,1954,Lennar,9495
286,LLY,Lilly (Eli) & Co.,reports,Health Care,Pharmaceuticals,"Indianapolis, Indiana",1970-12-31,59478,1876,Eli Lilly,33625
287,LNC,Lincoln National,reports,Financials,Multi-line Insurance,"Radnor, Pennsylvania",1976-06-30,59558,1905,Lincoln National,11357
288,LIN,Linde plc,reports,Materials,Industrial Gases,"Guildford, Surrey, United Kingdom",1992-07-01,1707925,1879,Linde,77551
289,LYV,Live Nation Entertainment,reports,Communication Services,Movies & Entertainment,"Beverly Hills, California",2019-12-23,1335258,2010,Live Nation Entertainment,25900
290,LKQ,LKQ Corporation,reports,Consumer Discretionary,Distributors,"Chicago, Illinois",2016-05-23,1065696,1998,LKQ,51000
291,LMT,Lockheed Martin Corp.,reports,Industrials,Aerospace & Defense,"Bethesda, Maryland",1984-07-31,936468,1995,Lockheed Martin,114000
292,L,Loews Corp.,reports,Financials,Multi-line Insurance,"New York, New York",,60086,1959,Loews,12200
293,LOW,Lowe's Cos.,reports,Consumer Discretionary,Home Improvement Retail,"Mooresville, North Carolina",1984-02-29,60667,1904/1946/1959,Lowe’s Companies,320000
294,LUMN,Lumen Technologies,reports,Communication Services,Alternative Carriers,"Monroe, Louisiana",1999-03-25,18926,1983 (1877),Lumen Technologies,39875
295,LYB,LyondellBasell,reports,Materials,Specialty Chemicals,"Rotterdam, Netherlands",2012-09-05,1489393,2007,LyondellBasell Industries,19100
296,MTB,M&T Bank,reports,Financials,Regional Banks,"Buffalo, New York",2004-02-23,36270,1856,M&T Bank,17316
297,MRO,Marathon Oil Corp.,reports,Energy,Oil & Gas Exploration & Production,"Houston, Texas",1991-05-01,101778,1887,Marathon Oil,2000
298,MPC,Marathon Petroleum,reports,Energy,Oil & Gas Refining & Marketing,"Findlay, Ohio",2011-07-01,1510295,2009 (1887),Marathon Petroleum,60910
299,MKTX,MarketAxess,reports,Financials,Financial Exchanges & Data,"New York, New York",2019-07-01,1278021,2000,MarketAxess Holdings,527
300,MAR,Marriott International,reports,Consumer Discretionary,"Hotels, Resorts & Cruise Lines","Bethesda, Maryland",,1048286,1927,Marriott Intl,174000
301,MMC,Marsh & McLennan,reports,Financials,Insurance Brokers,"New York, New York",1987-08-31,62709,1905,Marsh & McLennan,76000
302,MLM,Martin Marietta Materials,reports,Materials,Construction Materials,"Raleigh, North Carolina",2014-07-02,916076,1993,Martin Marietta Materials,8846
303,MAS,Masco Corp.,reports,Industrials,Building Products,"Livonia, Michigan",1981-06-30,62996,1929,Masco,18000
304,MA,Mastercard Inc.,reports,Information Technology,Data Processing & Outsourced Services,"Harrison, New York",2008-07-18,1141391,1966,Mastercard,21000
305,MKC,McCormick & Co.,reports,Consumer Staples,Packaged Foods & Meats,"Hunt Valley, Maryland",,63754,1889,McCormick & Co,13000
306,MXIM,Maxim Integrated Products,reports,Information Technology,Semiconductors,"San Jose, California",2018-12-03,743316,1983,Maxim Integrated Products,7115
307,MCD,McDonald's Corp.,reports,Consumer Discretionary,Restaurants,"Chicago, Illinois",1970-06-30,63908,1940,McDonald’s,205000
308,MCK,McKesson Corp.,reports,Health Care,Health Care Distributors,"Irving, Texas",,927653,1833,McKesson,80000
309,MDT,Medtronic plc,reports,Health Care,Health Care Equipment,"Dublin, Ireland",1986-10-31,1613103,1949,Medtronic,90000
310,MRK,Merck & Co.,reports,Health Care,Pharmaceuticals,"Kenilworth, New Jersey",1957-03-04,310158,1891,Merck & Co,71000
311,MET,MetLife Inc.,reports,Financials,Life & Health Insurance,"New York, New York",,1099219,1868,MetLife,49000
312,MTD,Mettler Toledo,reports,Health Care,Life Sciences Tools & Services,"Columbus, Ohio",2016-09-06,1037646,1945,Mettler-Toledo Intl,16500
313,MGM,MGM Resorts International,reports,Consumer Discretionary,Casinos & Gaming,"Paradise, Nevada",2017-07-26,789570,1986,MGM Resorts Intl,70000
314,MCHP,Microchip Technology,reports,Information Technology,Semiconductors,"Chandler, Arizona",2007-09-07,827054,1989,Microchip Technology,18000
315,MU,Micron Technology,reports,Information Technology,Semiconductors,"Boise, Idaho",1994-09-27,723125,1978,Micron Technology,40000
316,MSFT,Microsoft Corp.,reports,Information Technology,Systems Software,"Redmond, Washington",1994-06-01,789019,1975,Microsoft,163000
317,MAA,Mid-America Apartments,reports,Real Estate,Residential REITs,"Memphis, Tennessee",2016-12-02,912595,1977,Mid-America Apartment,2513
318,MHK,Mohawk Industries,reports,Consumer Discretionary,Home Furnishings,"Calhoun, Georgia",2013-12-23,851968,1878,Mohawk Industries,41800
319,TAP,Molson Coors Beverage Company,reports,Consumer Staples,Brewers,"Denver, Colorado",1976-06-30,24545,"2005 (Molson 1786, Coors 1873)",Molson Coors Beverage,17000
320,MDLZ,Mondelez International,reports,Consumer Staples,Packaged Foods & Meats,"Chicago, Illinois",2012-10-02,1103982,2012,Mondelez International,79000
321,MPWR,Monolithic Power Systems,reports,Information Technology,Semiconductors,"Kirkland, Washington",2021-02-12,1280452,1997,Monolithic Power Systems,2002
322,MNST,Monster Beverage,reports,Consumer Staples,Soft Drinks,"Corona, California",2012-06-28,865752,2012 (1935),Monster Beverage,2422
323,MCO,Moody's Corp,reports,Financials,Financial Exchanges & Data,"New York, New York",,1059556,1909,Moody’s,11259
324,MS,Morgan Stanley,reports,Financials,Investment Banking & Brokerage,"New York, New York",,895421,1935,Morgan Stanley,61437
325,MOS,The Mosaic Company,reports,Materials,Fertilizers & Agricultural Chemicals,"Tampa, Florida",2011-09-26,1285785,2004 (1865 / 1909),Mosaic,13300
326,MSI,Motorola Solutions Inc.,reports,Information Technology,Communications Equipment,"Chicago, Illinois",,68505,1928 (2011),Motorola Solutions,18000
327,MSCI,MSCI Inc,reports,Financials,Financial Exchanges & Data,"New York, New York",2018-04-04,1408198,1969,MSCI,3537
328,NDAQ,"Nasdaq, Inc.",reports,Financials,Financial Exchanges & Data,"New York, New York",2008-10-22,1120193,1971,Nasdaq,4590
329,NTAP,NetApp,reports,Information Technology,"Technology Hardware, Storage & Peripherals","Sunnyvale, California",1999-06-25,1002047,1992,NetApp,10800
330,NFLX,Netflix Inc.,reports,Communication Services,Movies & Entertainment,"Los Gatos, California",2010-12-20,1065280,1997,Netflix,9400
331,NWL,Newell Brands,reports,Consumer Discretionary,Housewares & Specialties,"Atlanta, Georgia",1989-04-30,814453,1903,Newell Brands,30000
332,NEM,Newmont Corporation,reports,Materials,Gold,"Denver, Colorado",1969-06-30,1164727,1921,Newmont,16600
333,NWSA,News Corp (Class A),reports,Communication Services,Publishing,"New York, New York",2013-08-01,1564708,2013 (1980),News,23500
334,NWS,News Corp (Class B),reports,Communication Services,Publishing,"New York, New York",2015-09-18,1564708,2013 (1980),News,23500
335,NEE,NextEra Energy,reports,Utilities,Multi-Utilities,"Juno Beach, Florida",1976-06-30,753308,1984 (1925),NextEra Energy,14900
336,NLSN,Nielsen Holdings,reports,Industrials,Research & Consulting Services,"New York, New York",2013-07-09,1492633,1923,Nielsen Holdings,46000
337,NKE,"Nike, Inc.",reports,Consumer Discretionary,"Apparel, Accessories & Luxury Goods","Washington County, Oregon",1988-11-30,320187,1964,Nike,75400
338,NI,NiSource Inc.,reports,Utilities,Multi-Utilities,"Merrillville, Indiana",,1111711,1912,NiSource,8363
339,NSC,Norfolk Southern Corp.,reports,Industrials,Railroads,"Norfolk, Virginia",1957-03-04,702165,1881/1894 (1980),Norfolk Southern,20156
340,NTRS,Northern Trust Corp.,reports,Financials,Asset Management & Custody Banks,"Chicago, Illinois",,73124,1889,Northern Trust,19800
341,NOC,Northrop Grumman,reports,Industrials,Aerospace & Defense,"West Falls Church, Virginia",1985-06-30,1133421,"1994 (Northrop 1939, Grumman 1930)",Northrop Grumman,97000
342,NLOK,NortonLifeLock,reports,Information Technology,Application Software,"Tempe, Arizona",2003-03-25,849399,1982,NortonLifeLock,3600
343,NCLH,Norwegian Cruise Line Holdings,reports,Consumer Discretionary,"Hotels, Resorts & Cruise Lines","Miami, Florida",2017-10-13,1513761,2011 (1966),Norwegian Cruise Line,36000
344,NOV,NOV Inc.,reports,Energy,Oil & Gas Equipment & Services,"Houston, Texas",2005-03-14,1021860,1841,NOV,29593
345,NRG,NRG Energy,reports,Utilities,Independent Power Producers & Energy Traders,"Princeton, New Jersey",2010-01-29,1013871,1992,NRG Energy,4577
346,NUE,Nucor Corp.,reports,Materials,Steel,"Charlotte, North Carolina",1985-04-30,73309,1940,Nucor,26800
347,NVDA,Nvidia Corporation,reports,Information Technology,Semiconductors,"Santa Clara, California",2001-11-30,1045810,1993,NVIDIA,13775
348,NVR,"NVR, Inc.",reports,Consumer Discretionary,Homebuilding,"Reston, Virginia",2019-09-26,906163,1980,NVR,6100
349,ORLY,O'Reilly Automotive,reports,Consumer Discretionary,Specialty Stores,"Springfield, Missouri",2009-03-27,898173,1957,O’Reilly Automotive,82167
350,OXY,Occidental Petroleum,reports,Energy,Oil & Gas Exploration & Production,"Houston, Texas",1982-12-31,797468,1920,Occidental Petroleum,14400
351,ODFL,Old Dominion Freight Line,reports,Industrials,Trucking,"Thomasville, North Carolina",2019-12-09,878927,1934,Old Dominion Freight Line,20105
352,OMC,Omnicom Group,reports,Communication Services,Advertising,"New York, New York",,29989,1986,Omnicom Group,70000
353,OKE,Oneok,reports,Energy,Oil & Gas Storage & Transportation,"Tulsa, Oklahoma",2010-03-15,1039684,1906,ONEOK,2882
354,ORCL,Oracle Corp.,reports,Information Technology,Application Software,"Austin, Texas",1989-08-31,1341439,1977,Oracle,135000
355,OTIS,Otis Worldwide,reports,Industrials,Industrial Machinery,"Farmington, Connecticut",2020-04-03,1781335,2020 (1853),Otis Worldwide,69000
356,PCAR,Paccar,reports,Industrials,Construction Machinery & Heavy Trucks,"Bellevue, Washington",1980-12-31,75362,1905,PACCAR,27000
357,PKG,Packaging Corporation of America,reports,Materials,Paper Packaging,"Lake Forest, Illinois",2017-07-26,75677,1959,Packaging Corp of America,15500
358,PH,Parker-Hannifin,reports,Industrials,Industrial Machinery,"Cleveland, Ohio",1985-11-30,76334,1917,Parker Hannifin,50520
359,PAYX,Paychex Inc.,reports,Information Technology,Data Processing & Outsourced Services,"Penfield, New York",,723531,1971,Paychex,15800
360,PAYC,Paycom,reports,Information Technology,Application Software,"Oklahoma City, Oklahoma",2020-01-28,1590955,1998,Paycom Software,3765
361,PYPL,PayPal,reports,Information Technology,Data Processing & Outsourced Services,"San Jose, California",2015-07-20,1633917,1998,PayPal Holdings,26500
362,PNR,Pentair plc,reports,Industrials,Industrial Machinery,"Worsley, UK",2012-10-01,77360,1966,Pentair,9500
363,PBCT,People's United Financial,reports,Financials,Thrifts & Mortgage Finance,"Bridgeport, Connecticut",2008-11-13,1378946,1842,People’s United Finl,6499
364,PEP,PepsiCo Inc.,reports,Consumer Staples,Soft Drinks,"Purchase, New York",1957-03-04,77476,1898,PepsiCo,291000
365,PKI,PerkinElmer,reports,Health Care,Health Care Equipment,"Waltham, Massachusetts",1985-05-31,31791,1937,PerkinElmer,13000
366,PRGO,Perrigo,reports,Health Care,Pharmaceuticals,"Dublin, Ireland",2011-12-19,1585364,2013 (1887),Perrigo,11200
367,PFE,Pfizer Inc.,reports,Health Care,Pharmaceuticals,"New York, New York",1957-03-04,78003,1849,Pfizer,88300
368,PM,Philip Morris International,reports,Consumer Staples,Tobacco,"New York, New York",2008-03-31,1413329,2008 (1847),Philip Morris Intl,71000
369,PSX,Phillips 66,reports,Energy,Oil & Gas Refining & Marketing,"Houston, Texas",2012-05-01,1534701,2012 (1917),Phillips 66,14500
370,PNW,Pinnacle West Capital,reports,Utilities,Multi-Utilities,"Phoenix, Arizona",,764622,1985,Pinnacle West Capital,6210
371,PXD,Pioneer Natural Resources,reports,Energy,Oil & Gas Exploration & Production,"Irving, Texas",2008-09-24,1038357,1997,Pioneer Natural Resources,2323
372,PNC,PNC Financial Services,reports,Financials,Regional Banks,"Pittsburgh, Pennsylvania",1988-04-30,713676,1845,PNC Financial Services Gr,51918
373,POOL,Pool Corporation,reports,Consumer Discretionary,Distributors,"Covington, Louisiana",2020-10-07,945841,1993,Pool,4500
374,PPG,PPG Industries,reports,Materials,Specialty Chemicals,"Pittsburgh, Pennsylvania",1957-03-04,79879,1883,PPG Industries,43000
375,PPL,PPL Corp.,reports,Utilities,Electric Utilities,"Allentown, Pennsylvania",,922224,1920,PPL,12280
376,PFG,Principal Financial Group,reports,Financials,Life & Health Insurance,"Des Moines, Iowa",2002-07-22,1126328,1879,Principal Financial Group,17400
377,PG,Procter & Gamble,reports,Consumer Staples,Personal Products,"Cincinnati, Ohio",1957-03-04,80424,1837,Procter & Gamble,99000
378,PGR,Progressive Corp.,reports,Financials,Property & Casualty Insurance,"Mayfield Village, Ohio",1997-08-04,80661,1937,Progressive,41571
379,PLD,Prologis,reports,Real Estate,Industrial REITs,"San Francisco, California",2003-07-17,1045609,1983,Prologis,1945
380,PRU,Prudential Financial,reports,Financials,Life & Health Insurance,"Newark, New Jersey",2002-07-22,1137774,1875,Prudential Financial,51511
381,PEG,Public Service Enterprise Group (PSEG),reports,Utilities,Electric Utilities,"Newark, New Jersey",1957-03-04,788784,1903,Public Service Enterprise,12992
382,PSA,Public Storage,reports,Real Estate,Specialized REITs,"Glendale, California",2005-08-19,1393311,1972,Public Storage,5900
383,PHM,PulteGroup,reports,Consumer Discretionary,Homebuilding,"Atlanta, Georgia",1984-04-30,822416,1956,PulteGroup,5249
384,PVH,PVH Corp.,reports,Consumer Discretionary,"Apparel, Accessories & Luxury Goods","New York, New York",2013-02-15,78239,1881,PVH,40000
385,QRVO,Qorvo,reports,Information Technology,Semiconductors,"Greensboro, North Carolina",2015-06-11,1604778,2015,Qorvo,7900
386,PWR,Quanta Services Inc.,reports,Industrials,Construction & Engineering,"Houston, Texas",2009-07-01,1050915,1997,Quanta Services,40300
387,QCOM,Qualcomm,reports,Information Technology,Semiconductors,"San Diego, California",,804328,1985,Qualcomm,41000
388,DGX,Quest Diagnostics,reports,Health Care,Health Care Services,"Secaucus, New Jersey",2002-12-12,1022079,1967,Quest Diagnostics,47000
389,RL,Ralph Lauren Corporation,reports,Consumer Discretionary,"Apparel, Accessories & Luxury Goods","New York, New York",2007-02-02,1037038,1967,Ralph Lauren,24900
390,RJF,Raymond James Financial,reports,Financials,Investment Banking & Brokerage,"St. Petersburg, Florida",2017-03-20,720005,1962,Raymond James Financial,14800
391,RTX,Raytheon Technologies,reports,Industrials,Aerospace & Defense,"Waltham, Massachusetts",,101829,1922,Raytheon Technologies,181000
392,O,Realty Income Corporation,reports,Real Estate,Retail REITs,"San Diego, California",2015-04-07,726728,1969,Realty Income,197
393,REG,Regency Centers Corporation,reports,Real Estate,Retail REITs,"Jacksonville, Florida",2017-03-02,910606,1963,Regency Centers,450
394,REGN,Regeneron Pharmaceuticals,reports,Health Care,Biotechnology,"Tarrytown, New York",2013-05-01,872589,1988,Regeneron Pharmaceuticals,9123
395,RF,Regions Financial Corp.,reports,Financials,Regional Banks,"Birmingham, Alabama",1998-08-28,1281761,1971,Regions Financial,19786
396,RSG,Republic Services Inc,reports,Industrials,Environmental & Facilities Services,"Phoenix, Arizona",2008-12-05,1060391,1998 (1981),Republic Services,36000
397,RMD,ResMed,reports,Health Care,Health Care Equipment,"San Diego, California",2017-07-26,943819,1989,ResMed,7770
398,RHI,Robert Half International,reports,Industrials,Human Resource & Employment Services,"Menlo Park, California",2000-12-05,315213,1948,Robert Half International,163500
399,ROK,Rockwell Automation Inc.,reports,Industrials,Electrical Components & Equipment,"Milwaukee, Wisconsin",,1024478,1903,Rockwell Automation,23500
400,ROL,"Rollins, Inc.",reports,Industrials,Environmental & Facilities Services,"Atlanta, Georgia",2018-10-01,84839,1948,Rollins,14952
401,ROP,Roper Technologies,reports,Industrials,Industrial Conglomerates,"Sarasota, Florida",2009-12-23,882835,1981,Roper Technologies,16460
402,ROST,Ross Stores,reports,Consumer Discretionary,Apparel Retail,"Dublin, California",2009-12-21,745732,1982,Ross Stores,92500
403,RCL,Royal Caribbean Group,reports,Consumer Discretionary,"Hotels, Resorts & Cruise Lines","Miami, Florida",2014-12-05,884887,1997,Royal Caribbean Group,85400
404,SPGI,S&P Global Inc.,reports,Financials,Financial Exchanges & Data,"New York, New York",,64040,1917,S&P Global,23000
405,CRM,Salesforce.com,reports,Information Technology,Application Software,"San Francisco, California",2008-09-15,1108524,1999,Salesforce.com,49000
406,SBAC,SBA Communications,reports,Real Estate,Specialized REITs,"Boca Raton, Florida",2017-09-01,1034054,1989,SBA Communications,1475
407,SLB,Schlumberger Ltd.,reports,Energy,Oil & Gas Equipment & Services,"Curaçao, Kingdom of the Netherlands",1965-03-31,87347,1926,Schlumberger,86000
408,STX,Seagate Technology,reports,Information Technology,"Technology Hardware, Storage & Peripherals","Dublin, Ireland",2012-07-02,1137789,1979,Seagate Technology,42000
409,SEE,Sealed Air,reports,Materials,Paper Packaging,"Charlotte, North Carolina",1957-03-04,1012100,1960,Sealed Air,16500
410,SRE,Sempra Energy,reports,Utilities,Multi-Utilities,"San Diego, California",,1032208,1998,Sempra Energy,13969
411,NOW,ServiceNow,reports,Information Technology,Systems Software,"Santa Clara, California",2019-11-21,1373715,2003,ServiceNow,12197
412,SHW,Sherwin-Williams,reports,Materials,Specialty Chemicals,"Cleveland, Ohio",1964-06-30,89800,1866,Sherwin-Williams,61111
413,SPG,Simon Property Group Inc,reports,Real Estate,Retail REITs,"Indianapolis, Indiana",2002-06-26,1063761,2003,Simon Property Group,4500
414,SWKS,Skyworks Solutions,reports,Information Technology,Semiconductors,"Woburn, Massachusetts",2015-03-12,4127,2002,Skyworks Solutions,10000
415,SLG,SL Green Realty,reports,Real Estate,Office REITs,"New York, New York",2015-03-20,1040971,1997,SL Green Realty,1033
416,SNA,Snap-on,reports,Industrials,Industrial Machinery,"Kenosha, Wisconsin",1982-09-30,91440,1920,Snap-on,12300
417,SO,Southern Company,reports,Utilities,Electric Utilities,"Atlanta, Georgia",1957-03-04,92122,1945,Southern,27943
418,LUV,Southwest Airlines,reports,Industrials,Airlines,"Dallas, Texas",1994-07-01,92380,1967,Southwest Airlines,59117
419,SWK,Stanley Black & Decker,reports,Industrials,Industrial Machinery,"New Britain, Connecticut",1982-09-30,93556,1843,Stanley Black & Decker,59438
420,SBUX,Starbucks Corp.,reports,Consumer Discretionary,Restaurants,"Seattle, Washington",,829224,1971,Starbucks,349000
421,STT,State Street Corp.,reports,Financials,Asset Management & Custody Banks,"Boston, Massachusetts",,93751,1792,State Street,39117
422,STE,Steris,reports,Health Care,Health Care Equipment,"Dublin, Ireland",2019-12-23,1757898,1985,Steris,13000
423,SYK,Stryker Corp.,reports,Health Care,Health Care Equipment,"Kalamazoo, Michigan",2000-12-12,310764,1941,Stryker,43000
424,SIVB,SVB Financial,reports,Financials,Regional Banks,"Santa Clara, California",2018-03-19,719739,1983,SVB Financial,3898
425,SYF,Synchrony Financial,reports,Financials,Consumer Finance,"Stamford, Connecticut",2015-11-18,1601712,2003,Synchrony Finl,16500
426,SNPS,Synopsys Inc.,reports,Information Technology,Application Software,"Mountain View, California",2017-03-16,883241,1986,Synopsys,15036
427,SYY,Sysco Corp.,reports,Consumer Staples,Food Distributors,"Houston, Texas",1986-12-31,96021,1969,Sysco,57000
428,TMUS,T-Mobile US,reports,Communication Services,Wireless Telecommunication Services,"Bellevue, Washington",2019-07-15,1283699,1994,T-Mobile US,53000
429,TROW,T. Rowe Price Group,reports,Financials,Asset Management & Custody Banks,"Baltimore, Maryland",,1113169,1937,T. Rowe Price Group,7678
430,TTWO,Take-Two Interactive,reports,Communication Services,Interactive Home Entertainment,"New York, New York",2018-03-19,946581,1993,Take-Two Interactive,5800
431,TPR,"Tapestry, Inc.",reports,Consumer Discretionary,"Apparel, Accessories & Luxury Goods","New York, New York",,1116132,2017,Tapestry,17300
432,TGT,Target Corp.,reports,Consumer Discretionary,General Merchandise Stores,"Minneapolis, Minnesota",1976-12-31,27419,1902,Target,368000
433,TEL,TE Connectivity Ltd.,reports,Information Technology,Electronic Manufacturing Services,"Schaffhausen, Switzerland",2011-10-17,1385157,2007,TE Connectivity,82000
434,TDY,Teledyne Technologies,reports,Industrials,Aerospace & Defense,"Thousand Oaks, California",2020-06-22,1094285,1960,Teledyne Technologies,11790
435,TFX,Teleflex,reports,Health Care,Health Care Equipment,"Wayne, Pennsylvania",2019-01-18,96943,1943,Teleflex,14400
436,TER,Teradyne,reports,Information Technology,Semiconductor Equipment,"North Reading, Massachusetts",2020-09-21,97210,1960,Teradyne,5400
437,TSLA,"Tesla, Inc.",reports,Consumer Discretionary,Automobile Manufacturers,"Palo Alto, California",2020-12-21,1318605,2003,Tesla,70757
438,TXN,Texas Instruments,reports,Information Technology,Semiconductors,"Dallas, Texas",,97476,1930,Texas Instruments,30000
439,TXT,Textron Inc.,reports,Industrials,Aerospace & Defense,"Providence, Rhode Island",1978-12-31,217346,1923,Textron,35000
440,TMO,Thermo Fisher Scientific,reports,Health Care,Life Sciences Tools & Services,"Waltham, Massachusetts",2004-08-03,97745,2006 (1902),Thermo Fisher Scientific,75000
441,TJX,TJX Companies Inc.,reports,Consumer Discretionary,Apparel Retail,"Framingham, Massachusetts",1985-09-30,109198,1987,TJX Companies,286000
442,TSCO,Tractor Supply Company,reports,Consumer Discretionary,Specialty Stores,"Brentwood, Tennessee",2014-01-24,916365,1938,Tractor Supply,32000
443,TT,Trane Technologies plc,reports,Industrials,Building Products,"Dublin, Ireland",2010-11-17,1466258,1871,Trane Technologies,35000
444,TDG,TransDigm Group,reports,Industrials,Aerospace & Defense,"Cleveland, Ohio",2016-06-03,1260221,1993,TransDigm Gr,14200
445,TRV,The Travelers Companies,reports,Financials,Property & Casualty Insurance,"New York, New York",2002-08-21,86312,1853,Travelers Companies,30600
446,TRMB,Trimble Inc.,reports,Information Technology,Electronic Equipment & Instruments,"Sunnyvale, California",2021-01-21,864749,1978,Trimble,11484
447,TFC,Truist Financial,reports,Financials,Regional Banks,"Charlotte, North Carolina",1997-12-04,92230,1872,Truist Financial,59000
448,TWTR,"Twitter, Inc.",reports,Communication Services,Interactive Media & Services,"San Francisco, California",2018-06-07,1418091,2006,Twitter,4900
449,TYL,Tyler Technologies,reports,Information Technology,Application Software,"Plano, Texas",2020-06-22,860731,1966,Tyler Technologies,5455
450,TSN,Tyson Foods,reports,Consumer Staples,Packaged Foods & Meats,"Springdale, Arkansas",,100493,1935,Tyson Foods,139500
451,UDR,"UDR, Inc.",reports,Real Estate,Residential REITs,"Highlands Ranch, Colorado",2016-03-07,74208,1972,UDR,1351
452,ULTA,Ulta Beauty,reports,Consumer Discretionary,Specialty Stores,"Bolingbrook, Illinois",2016-04-18,1403568,1990,Ulta Beauty,44000
453,USB,U.S. Bancorp,reports,Financials,Diversified Banks,"Minneapolis, Minnesota",,36104,1968,U.S. Bancorp,69651
454,UAA,Under Armour (Class A),reports,Consumer Discretionary,"Apparel, Accessories & Luxury Goods","Baltimore, Maryland",2014-05-01,1336917,1996,Under Armour,16400
455,UA,Under Armour (Class C),reports,Consumer Discretionary,"Apparel, Accessories & Luxury Goods","Baltimore, Maryland",2016-04-08,1336917,1996,Under Armour,16400
456,UNP,Union Pacific Corp,reports,Industrials,Railroads,"Omaha, Nebraska",1957-03-04,100885,1862,Union Pacific,31285
457,UAL,United Airlines Holdings,reports,Industrials,Airlines,"Chicago, Illinois",2015-09-03,100517,1967,United Airlines Holdings,92725
458,UNH,UnitedHealth Group Inc.,reports,Health Care,Managed Health Care,"Minnetonka, Minnesota",1994-07-01,731766,1977,UnitedHealth Group,325000
459,UPS,United Parcel Service,reports,Industrials,Air Freight & Logistics,"Atlanta, Georgia",2002-07-22,1090727,1907,United Parcel Service,495000
460,URI,"United Rentals, Inc.",reports,Industrials,Trading Companies & Distributors,"Stamford, Connecticut",2014-09-20,1067701,1997,United Rentals,18250
461,UHS,Universal Health Services,reports,Health Care,Health Care Facilities,"King of Prussia, Pennsylvania",2014-09-20,352915,1979,Universal Health Services,90400
462,UNM,Unum Group,reports,Financials,Life & Health Insurance,"Chattanooga, Tennessee",1994-03-01,5513,1999,Unum,10300
463,VLO,Valero Energy,reports,Energy,Oil & Gas Refining & Marketing,"San Antonio, Texas",,1035002,1980,Valero Energy,10222
464,VAR,Varian Medical Systems,reports,Health Care,Health Care Equipment,"Palo Alto, California",2007-02-12,203527,1948,Varian Medical Systems,10372
465,VTR,Ventas Inc,reports,Real Estate,Health Care REITs,"Chicago, Illinois",2009-03-04,740260,1998,Ventas,516
466,VRSN,Verisign Inc.,reports,Information Technology,Internet Services & Infrastructure,"Dulles, Virginia",2006-02-01,1014473,1995,VeriSign,872
467,VRSK,Verisk Analytics,reports,Industrials,Research & Consulting Services,"Jersey City, New Jersey",2015-10-08,1442145,1971,Verisk Analytics,9300
468,VZ,Verizon Communications,reports,Communication Services,Integrated Telecommunication Services,"New York, New York",1983-11-30,732712,1983 (1877),Verizon Communications,134750
469,VRTX,Vertex Pharmaceuticals Inc,reports,Health Care,Biotechnology,"Cambridge, Massachusetts",2013-09-23,875320,1989,Vertex Pharmaceuticals,3400
470,VFC,VF Corporation,reports,Consumer Discretionary,"Apparel, Accessories & Luxury Goods","Denver, Colorado",1979-06-30,103379,1899,VF,48000
471,VIAC,ViacomCBS,reports,Communication Services,Movies & Entertainment,"New York, New York",,813828,2019 (1952),ViacomCBS,28570
472,VTRS,Viatris,reports,Health Care,Pharmaceuticals,"Pittsburgh, Pennsylvania",2004-04-23,1792044,1961,Viatris,35000
473,V,Visa Inc.,reports,Information Technology,Data Processing & Outsourced Services,"San Francisco, California",2009-12-21,1403161,1958,Visa,20500
474,VNT,Vontier,reports,Information Technology,Electronic Equipment & Instruments,"Raleigh, North Carolina",2020-10-09,1786842,2019,Vontier,8400
475,VNO,Vornado Realty Trust,reports,Real Estate,Office REITs,"New York, New York",,899689,1982,Vornado Realty,4008
476,VMC,Vulcan Materials,reports,Materials,Construction Materials,"Birmingham, Alabama",1999-06-30,1396009,1909,Vulcan Materials,8767
477,WRB,W. R. Berkley Corporation,reports,Financials,Property & Casualty Insurance,"Greenwich, Connecticut",2019-12-05,11544,1967,WR Berkley,7493
478,WAB,Westinghouse Air Brake Technologies Corp,reports,Industrials,Construction Machinery & Heavy Trucks,"Wilmerding, Pennsylvania",2019-02-27,943452,1999 (1869),Westinghouse Air Brake,27500
479,WMT,Walmart,reports,Consumer Staples,Hypermarkets & Super Centers,"Bentonville, Arkansas",1982-08-31,104169,1962,Walmart,2200000
480,WBA,Walgreens Boots Alliance,reports,Consumer Staples,Drug Retail,"Deerfield, Illinois",1979-12-31,1618921,2014,Walgreens Boots Alliance,331000
481,DIS,The Walt Disney Company,reports,Communication Services,Movies & Entertainment,"Burbank, California",1976-06-30,1744489,1923,Walt Disney,205500
482,WM,Waste Management Inc.,reports,Industrials,Environmental & Facilities Services,"Houston, Texas",,823768,1968,Waste Management,44900
483,WAT,Waters Corporation,reports,Health Care,Health Care Distributors,"Milford, Massachusetts",,1000697,1958,Waters,7500
484,WEC,WEC Energy Group,reports,Utilities,Electric Utilities,"Milwaukee, Wisconsin",2008-10-31,783325,1896,WEC Energy Gr,7509
485,WFC,Wells Fargo,reports,Financials,Diversified Banks,"San Francisco, California",1976-06-30,72971,1852,Wells Fargo,262100
486,WELL,Welltower Inc.,reports,Real Estate,Health Care REITs,"Toledo, Ohio",2009-01-30,766704,1970,Welltower,423
487,WST,West Pharmaceutical Services,reports,Health Care,Health Care Supplies,"Exton, Pennsylvania",2020-05-22,105770,1923,West Pharmaceutical Servs,8200
488,WDC,Western Digital,reports,Information Technology,"Technology Hardware, Storage & Peripherals","San Jose, California",2009-07-01,106040,1970,Western Digital,63800
489,WU,Western Union Co,reports,Information Technology,Data Processing & Outsourced Services,"Englewood, Colorado",2006-09-29,1365135,1851,The Western Union,11500
490,WRK,WestRock,reports,Materials,Paper Packaging,"Atlanta, Georgia",,1732845,2015,WestRock,49300
491,WY,Weyerhaeuser,reports,Real Estate,Specialized REITs,"Federal Way, Washington",,106535,1900,Weyerhaeuser,9400
492,WHR,Whirlpool Corp.,reports,Consumer Discretionary,Household Appliances,"Benton Harbor, Michigan",,106640,1911,Whirlpool,77500
493,WMB,Williams Companies,reports,Energy,Oil & Gas Storage & Transportation,"Tulsa, Oklahoma",1975-03-31,107263,1908,Williams Companies,4812
494,WLTW,Willis Towers Watson,reports,Financials,Insurance Brokers,"London, United Kingdom",2016-01-05,1140536,2016,Willis Towers Watson,45400
495,WYNN,Wynn Resorts Ltd,reports,Consumer Discretionary,Casinos & Gaming,"Paradise, Nevada",2008-11-14,1174922,2002,Wynn Resorts,30200
496,XEL,Xcel Energy Inc,reports,Utilities,Multi-Utilities,"Minneapolis, Minnesota",1957-03-04,72903,1909,Xcel Energy,11317
497,XRX,Xerox,reports,Information Technology,"Technology Hardware, Storage & Peripherals","Norwalk, Connecticut",,1770450,2017 (1906),Xerox Holdings,26475
498,XLNX,Xilinx,reports,Information Technology,Semiconductors,"San Jose, California",1999-11-08,743988,1984,Xilinx,4891
499,XYL,Xylem Inc.,reports,Industrials,Industrial Machinery,"White Plains, New York",2011-11-01,1524472,2011,Xylem,16300
500,YUM,Yum! Brands Inc,reports,Consumer Discretionary,Restaurants,"Louisville, Kentucky",1997-10-06,1041061,1997,Yum Brands,34000
501,ZBRA,Zebra Technologies,reports,Information Technology,Electronic Equipment & Instruments,"Lincolnshire, Illinois",2019-12-23,877212,1969,Zebra Technologies,8800
502,ZBH,Zimmer Biomet,reports,Health Care,Health Care Equipment,"Warsaw, Indiana",2001-08-07,1136869,1927,Zimmer Biomet Holdings,19900
503,ZION,Zions Bancorp,reports,Financials,Regional Banks,"Salt Lake City, Utah",2001-06-22,109380,1873,Zions Bancorp,9873
504,ZTS,Zoetis,reports,Health Care,Pharmaceuticals,"Parsippany, New Jersey",2013-06-21,1555280,1952,Zoetis,10600
